{"cameraMode":{"drawMode":0,"name":"Shaded","section":"Shading Mode"},"sceneLighting":true,"audioPlay":false,"sceneViewState":{"showFog":true,"showMaterialUpdate":false,"showSkybox":true,"showFlares":true,"showImageEffects":true,"showParticleSystems":true},"in2DMode":false,"pivot":{"x":1.986656665802002,"y":0.2946019768714905,"z":-1.7657394409179688},"rotation":{"x":-0.16430021822452546,"y":0.055303771048784259,"z":-0.00922634731978178,"w":-0.9848156571388245},"size":8.414628982543946,"orthographic":false}